tester,tester,205473332,4444444444444444
cristian,password123,206734221,4444444244444444
kun,aguero,191395288,4444444444444144
percy,jackson,172336549,4444444422444444
ariel,assassin22,183364283,3456123412341234
blanca,nieves,17899921k,0000
carolina,poodle666,207268098,0000
gabriela,panchowo,122235765,0000
rene,caezaladrillo,216652334,0000
zulema,123123,154228569,0000
natalia,contraseña,202985690,4444567444444444
tito,aytito,192027935,4444444444444421
victor,calama,122627912,0000
rocio,sofia69,132781054,0000
marcus,detroit,102468978,4444444444441111
diego,123456diego,162972622,4234444444444444f
joaquin,lavinpresidente,170296211,4444444244424444
marcelo,agachate,202009833,4444444444444442
mario,armario,118604744,0000
gabriel,pokemon12,209985555,0000
brian,seb123,111111112,0000
rei,ayanami,180297333,0000
naruto,uzumaki,166847733,0000
alexis,sanchez,193666616,0000
juan,diosplan,207777666,4444443444134244
boki,caballo,123234173,4442444144324414
cecilia,123456789,222222333,4414334444442444
gloria,adiosparasiempre,198888829,3333333333333333
roman,corxeachampuru,216378663,0000
armin,contraseña99,196666254,0000
joseph,jojojo,119878833,0000
Hernan,2513,147894562,0000
Albertoooo,asdfg,20673437kam,4812144491989597
Angel,345345,203453455,0000
